# r_mm,E_over_E0 (digitized from cond26/figures/efield_vs_radius.eps path; axes calibrated on tick marks)
0.00000,1.00000
6.55734,0.99926
8.00620,0.98174
10.28597,0.95535
12.70973,0.92879
15.26847,0.90232
17.97120,0.87595
19.87601,0.85717
19.89701,0.85553
19.91801,0.85184
19.93601,0.84482
19.95100,0.83376
19.97500,0.79549
20.00200,0.70651
20.11299,0.29669
20.17298,0.20890
20.22098,0.16788
20.31697,0.12113
20.41896,0.09403
20.49695,0.08032
20.59894,0.06781
20.70693,0.05878
20.82692,0.05185
20.94390,0.04697
21.06389,0.04320
21.25587,0.03898
21.49285,0.03562
21.80482,0.03292
22.19778,0.03108
22.80072,0.02980
24.01260,0.02911
27.62424,0.02919
28.00220,0.02934
